티커,현재가,RSI,MFI,CCI,"추정수급(5일,만주)",거래량비율(5일평균대비),당일거래대금(억),이평선추세,MACD에너지,ADX(추세강도),종합점수
001800,22350,12.2,11.5,-154.64,-22.0,49.98,7.34,하락/역배열,하락추세,24.38,88.32
012630,23250,11.76,5.58,-105.15,-30.5,52.4,7.43,하락/역배열,하락추세,11.39,86.31
145020,180200,9.55,8.16,-92.23,-9.6,47.15,47.65,하락/역배열,하락추세,52.49,85.11
004170,323000,11.84,16.8,-127.27,-23.0,43.46,64.47,하락/역배열,하락추세,59.32,84.39
282330,127400,14.52,13.65,-117.03,-12.5,28.0,11.29,하락/역배열,하락추세,61.14,83.7
003470,4335,16.03,7.71,-90.9,-53.9,54.96,4.11,하락/역배열,하락추세,27.1,82.99
271560,105400,19.11,11.28,-112.65,-25.6,36.96,27.8,하락/역배열,하락추세,27.62,82.59
001770,3925,20.37,3.3,-83.15,-26.9,121.76,2.58,하락/역배열,하락추세,78.83,82.37
000320,15550,12.16,15.57,-90.58,-0.5,70.53,0.45,하락/역배열,하락추세,33.41,81.64
004990,23400,24.62,26.92,-179.97,-18.6,84.36,13.75,하락/역배열,하락추세,17.69,81.15
036120,1548,27.24,41.21,-242.62,-40.8,25.0,0.32,하락/역배열,하락추세,17.04,80.73
029780,41950,18.02,14.43,-97.18,-20.9,28.33,7.43,하락/역배열,하락추세,33.64,80.62
035600,9710,22.22,15.78,-117.59,-10.9,75.81,2.03,하락/역배열,하락추세,30.34,80.47
007070,22150,21.57,14.47,-107.63,-30.4,40.41,8.61,하락/역배열,하락추세,42.96,80.29
000270,112600,17.89,21.43,-114.2,-210.2,31.3,255.62,하락/역배열,하락추세,29.6,79.74
051900,262500,27.2,30.84,-187.86,-19.7,33.91,60.41,하락/역배열,하락추세,54.09,79.64
000720,114000,26.2,20.88,-138.89,-182.0,53.5,297.25,하락/역배열,하락추세,39.43,79.22
000815,390500,26.81,22.86,-148.26,-3.6,27.79,8.36,하락/역배열,하락추세,46.95,79.13
060980,37750,33.07,18.79,-155.09,-3.1,55.62,2.09,하락/역배열,하락추세,11.94,78.97
298020,292500,24.87,16.91,-111.77,-8.5,83.96,62.58,하락/역배열,하락추세,53.39,78.72
004000,42650,23.08,19.88,-113.22,-10.3,60.67,7.78,하락/역배열,하락추세,69.69,78.45
105560,167000,34.47,21.72,-166.17,-278.6,50.14,663.35,하락/역배열,하락추세,58.44,78.45
214450,303500,14.02,29.91,-113.23,-24.8,72.03,214.5,하락/역배열,하락추세,71.42,78.13
017390,53700,13.33,32.19,-112.82,-1.2,127.58,2.46,하락/역배열,하락추세,61.75,77.56
005380,348500,20.18,19.52,-86.73,-92.7,46.8,650.82,하락/역배열,하락추세,46.62,77.33
011760,24700,26.6,20.7,-116.99,-0.5,59.86,2.69,하락/역배열,하락추세,12.17,77.32
003480,4650,41.11,37.21,-241.04,-8.7,94.26,1.13,하락/역배열,하락추세,45.88,77.31
046440,4010,13.73,25.93,-82.86,-7.2,107.53,1.44,하락/역배열,하락추세,22.11,77.02
009540,320000,23.7,26.2,-121.41,2.1,48.25,184.76,하락/역배열,하락추세,9.86,76.82
005800,13390,34.92,32.59,-191.26,-0.3,239.32,0.49,하락/역배열,하락추세,20.81,76.77
000810,630000,25.44,25.01,-121.87,-14.6,65.11,208.01,하락/역배열,하락추세,31.62,76.67
241560,55300,21.62,24.43,-103.38,-15.3,23.62,20.64,하락/역배열,하락추세,29.48,76.6
071840,5990,28.81,11.45,-79.78,-1.4,36.21,0.2,하락/역배열,하락추세,27.32,76.56
122450,2515,27.54,23.38,-120.95,-3.5,25.46,0.11,하락/역배열,하락추세,23.8,76.44
001450,46400,31.15,23.65,-134.63,-17.0,36.57,58.19,하락/역배열,하락추세,50.29,76.29
018700,1284,31.99,9.85,-78.92,-1.2,35.0,0.07,하락/역배열,하락추세,63.3,75.96
267250,197100,20.83,22.69,-84.25,-8.0,58.35,145.2,하락/역배열,하락추세,11.98,75.85
055550,103200,32.49,39.54,-197.85,-313.7,31.84,300.92,하락/역배열,하락추세,17.57,75.81
088350,5300,27.74,33.97,-150.95,-517.9,31.8,41.15,하락/역배열,하락추세,29.38,75.34
378850,2820,20.75,24.39,-84.16,-1.5,82.57,0.39,하락/역배열,하락추세,57.95,75.3
000725,51900,33.33,25.29,-136.69,-0.5,52.49,0.57,하락/역배열,하락추세,22.2,75.18
086790,128600,33.92,35.05,-172.76,-160.5,31.95,231.19,하락/역배열,하락추세,43.73,74.74
015760,30250,21.78,23.48,-77.76,-166.8,59.68,142.45,하락/역배열,하락추세,63.41,74.73
090430,130300,31.52,44.22,-199.37,-69.5,57.02,124.82,하락/역배열,하락추세,66.08,74.7
079160,4960,26.67,34.81,-139.5,-137.1,45.7,6.22,하락/역배열,하락추세,15.01,74.47
003300,17180,30.59,30.57,-131.29,-0.7,32.86,0.4,하락/역배열,하락추세,45.91,73.89
329180,420000,28.62,34.31,-137.06,-45.1,47.49,312.6,하락/역배열,하락추세,11.92,73.78
049520,3700,16.67,37.83,-102.27,1.1,61.02,0.68,하락/역배열,하락추세,21.57,73.69
003090,15340,31.34,24.48,-105.72,-11.9,30.45,3.22,하락/역배열,하락추세,14.57,73.54
175330,28500,32.8,38.87,-169.02,-124.9,35.27,35.95,하락/역배열,하락추세,43.59,73.53
053290,1487,34.78,35.05,-159.09,-3.5,162.31,0.22,하락/역배열,하락추세,56.3,73.31
042660,77200,22.73,37.4,-119.2,-63.1,66.01,314.28,하락/역배열,하락추세,16.91,73.23
352820,156700,27.55,24.32,-83.3,-56.4,49.56,109.29,하락/역배열,하락추세,23.04,72.99
035420,192400,28.7,25.59,-92.32,-110.5,38.7,348.48,하락/역배열,하락추세,52.56,72.93
005180,83600,33.33,19.84,-86.96,-17.3,33.94,11.36,하락/역배열,하락추세,22.12,72.86
010780,14770,38.64,21.93,-116.6,-15.5,19.72,1.7,하락/역배열,골든크로스(0이하),24.92,72.86
145990,46000,31.58,14.39,-57.22,-0.1,78.85,2.04,하락/역배열,하락추세,26.69,72.78
014570,3230,35.45,22.1,-99.89,0.9,64.81,0.07,하락/역배열,하락추세,25.86,72.47
000070,57100,32.18,26.84,-104.61,-3.1,55.76,2.45,하락/역배열,하락추세,38.99,72.38
134580,2520,31.29,45.45,-175.25,-222.8,187.45,21.05,하락/역배열,하락추세,6.76,72.36
052600,2860,27.08,32.57,-105.59,0.5,24.26,0.04,하락/역배열,하락추세,31.06,72.25
053050,1896,28.7,17.17,-46.96,-2.1,82.24,0.75,하락/역배열,하락추세,59.13,71.96
007310,316000,31.03,17.34,-57.07,-0.4,70.37,4.28,하락/역배열,하락추세,47.09,71.96
001210,9140,13.79,48.97,-113.75,-508.8,33.08,39.99,하락/역배열,하락추세,74.44,71.89
000210,49800,31.16,30.1,-107.52,-10.8,31.78,6.06,하락/역배열,하락추세,29.08,71.87
122870,40900,34.38,32.92,-129.77,-14.5,45.13,16.04,하락/역배열,하락추세,18.0,71.72
001680,17710,29.57,27.8,-84.2,-11.4,57.84,3.98,하락/역배열,하락추세,19.14,71.23
011210,53600,30.61,18.89,-52.61,3.4,41.83,8.93,하락/역배열,골든크로스(0이하),35.52,71.22
003540,25450,28.4,34.3,-103.81,-11.6,26.46,2.61,하락/역배열,하락추세,69.14,71.09
000080,14740,27.69,40.33,-123.45,-31.1,42.4,4.27,하락/역배열,하락추세,23.99,70.95
002790,25050,43.36,35.38,-165.89,-20.0,35.92,7.81,하락/역배열,하락추세,14.55,70.91
051500,21700,34.67,18.15,-60.89,-1.0,29.66,0.28,하락/역배열,하락추세,35.25,70.8
011780,118800,33.33,18.77,-56.13,-1.9,45.1,22.64,하락/역배열,하락추세,80.39,70.65
010130,1099000,25.9,28.43,-64.49,-0.6,39.02,58.03,하락/역배열,하락추세,34.4,70.6
071050,180000,27.63,30.05,-77.26,-21.2,39.24,103.36,하락/역배열,하락추세,32.15,70.55
027710,1106,28.71,38.23,-114.36,-20.6,85.32,1.08,하락/역배열,하락추세,20.81,70.55
036530,45100,39.27,28.95,-117.78,-7.4,30.87,2.06,하락/역배열,하락추세,12.65,70.41
030200,51600,36.59,37.4,-140.08,-45.3,43.29,46.79,하락/역배열,하락추세,23.34,70.34
006360,33200,28.28,41.69,-120.57,-199.4,39.5,133.29,하락/역배열,하락추세,22.43,70.06
161890,134900,41.49,41.12,-170.9,-72.9,49.3,197.37,하락/역배열,하락추세,25.97,70.04
005830,181600,37.41,31.55,-113.26,-52.0,20.74,63.4,하락/역배열,하락추세,25.48,69.79
034020,80900,27.19,35.29,-86.19,-92.7,43.57,598.88,하락/역배열,하락추세,21.8,69.69
054090,1013,33.04,24.85,-67.45,-13.2,33.54,0.15,하락/역배열,하락추세,34.01,69.66
000120,69700,37.37,24.44,-81.76,-7.3,67.07,13.02,하락/역배열,하락추세,10.4,69.54
377300,40250,24.36,31.77,-57.61,-1.4,49.72,20.34,하락/역배열,하락추세,27.48,69.43
014830,60700,33.82,20.85,-49.0,0.0,46.19,2.08,하락/역배열,하락추세,53.19,69.19
001940,25450,47.76,25.68,-117.92,-1.1,53.06,0.52,하락/역배열,하락추세,19.15,68.68
006260,296500,35.8,35.63,-109.33,-15.8,62.17,198.43,하락/역배열,하락추세,34.44,68.63
003920,41850,27.78,39.3,-91.48,-0.0,53.1,0.64,하락/역배열,하락추세,23.31,68.6
051600,45150,32.34,28.0,-62.02,-4.5,34.28,18.03,하락/역배열,하락추세,45.82,68.39
002020,23750,35.65,30.62,-85.72,-1.9,53.63,2.44,하락/역배열,골든크로스(0이하),25.95,68.38
002390,8690,29.84,21.42,-24.41,2.0,163.9,0.77,하락/역배열,하락추세,30.5,68.28
023530,99300,33.33,40.01,-110.35,-21.8,42.33,28.48,하락/역배열,하락추세,52.88,68.08
035900,38100,36.26,21.22,-46.59,-18.1,61.43,31.45,하락/역배열,골든크로스(0이하),17.77,68.06
003230,1191000,33.95,41.57,-117.96,-1.6,72.7,200.33,하락/역배열,하락추세,30.19,67.99
001500,7810,30.19,36.86,-84.03,-0.6,72.28,1.6,하락/역배열,하락추세,24.17,67.99
270870,3715,38.17,15.1,-28.65,0.1,24.44,0.03,하락/역배열,골든크로스(0이하),47.1,67.96
064350,111700,28.47,43.31,-102.48,-33.3,49.5,214.61,하락/역배열,골든크로스(0이하),29.22,67.95
035250,14320,30.65,36.06,-80.68,-14.8,25.13,6.26,하락/역배열,하락추세,23.19,67.82
069260,15910,37.85,41.43,-126.41,-10.0,29.43,2.36,하락/역배열,하락추세,24.72,67.44
298050,164800,38.26,19.58,-38.97,0.7,48.07,4.88,하락/역배열,하락추세,53.51,67.3
008770,39100,30.0,49.8,-126.09,-56.7,25.78,16.1,하락/역배열,하락추세,28.4,67.24
073240,6730,30.0,37.15,-74.66,-17.1,50.4,25.43,하락/역배열,하락추세,39.38,67.17
214320,18000,32.06,32.97,-65.99,-9.3,36.05,2.45,하락/역배열,골든크로스(0이하),41.65,67.15
004370,392500,36.42,29.35,-66.41,-0.3,37.64,24.47,하락/역배열,하락추세,42.06,66.95
046940,2720,31.18,33.83,-62.71,-3.5,54.36,0.66,하락/역배열,골든크로스(0이하),17.74,66.89
326030,75800,33.64,31.41,-61.9,-13.1,63.56,38.66,하락/역배열,하락추세,33.25,66.81
033270,17530,19.42,57.27,-107.64,4.2,90.18,3.17,하락/역배열,하락추세,25.47,66.74
004020,29950,36.43,39.66,-104.4,-78.7,59.41,88.39,하락/역배열,하락추세,15.28,66.67
001390,4250,28.95,37.3,-64.83,2.4,50.01,1.97,하락/역배열,하락추세,33.21,66.65
081660,38450,40.0,19.46,-34.22,0.1,23.86,8.05,하락/역배열,골든크로스(0이하),50.62,66.37
032190,19240,34.99,35.93,-79.85,-9.1,78.67,9.74,하락/역배열,하락추세,61.98,66.35
053060,1229,35.19,32.08,-63.75,10.4,14.38,0.07,하락/역배열,골든크로스(0이하),24.04,66.22
316140,33200,39.08,36.56,-97.22,-2551.6,11.89,261.11,하락/역배열,하락추세,34.21,66.22
000880,127200,37.22,32.72,-73.69,-19.7,47.99,41.71,하락/역배열,하락추세,14.93,66.16
019170,9400,36.52,23.0,-31.95,13.6,61.35,7.03,하락/역배열,하락추세,55.5,66.16
058820,562,30.28,34.23,-51.27,58.5,0.0,0.0,하락/역배열,골든크로스(0이하),29.41,66.1
004360,13380,34.48,24.28,-25.89,-1.9,55.59,1.16,하락/역배열,하락추세,33.7,65.9
071970,47500,35.55,44.37,-109.37,-13.9,59.4,43.32,하락/역배열,하락추세,29.62,65.81
024110,20050,35.71,36.79,-79.42,-205.6,48.01,62.12,하락/역배열,하락추세,61.81,65.78
052690,127200,32.18,32.26,-46.98,60.6,59.09,167.96,하락/역배열,하락추세,35.15,65.77
381970,6280,38.94,39.55,-102.4,-14.3,17.37,0.37,하락/역배열,골든크로스(0이하),13.2,65.7
263750,33050,35.29,42.44,-97.07,14.5,32.1,17.89,하락/역배열,하락추세,26.61,65.51
041510,78200,39.49,38.2,-96.63,0.9,24.45,20.38,하락/역배열,하락추세,14.63,65.49
010140,19690,37.73,39.81,-95.2,30.5,45.86,260.9,하락/역배열,하락추세,40.51,65.42
049120,2835,40.24,36.04,-87.27,1.3,46.82,0.09,하락/역배열,하락추세,24.73,65.18
285130,51500,38.39,30.78,-53.28,-6.6,46.05,5.82,하락/역배열,하락추세,28.72,64.72
044780,1336,30.66,46.8,-84.45,-10.0,5.45,0.02,하락/역배열,하락추세,44.98,64.55
375500,74700,29.21,54.57,-109.0,-130.5,33.3,64.92,하락/역배열,하락추세,23.41,64.49
028050,48050,34.87,39.56,-68.01,69.3,48.09,287.78,하락/역배열,하락추세,13.45,64.19
005490,314000,34.13,39.02,-62.85,38.0,61.52,327.46,하락/역배열,하락추세,21.07,64.19
063170,5530,36.36,47.89,-107.07,-5.1,40.76,0.3,하락/역배열,하락추세,26.35,64.17
053210,3990,33.33,44.03,-78.79,3.4,61.88,0.68,하락/역배열,골든크로스(0이하),44.7,64.11
086900,67300,38.38,34.99,-61.77,-3.0,33.07,2.71,하락/역배열,골든크로스(0이하),23.79,64.02
084670,22850,40.96,59.32,-168.52,-3.4,70.74,1.11,하락/역배열,하락추세,20.83,63.95
028260,343000,35.88,42.81,-79.91,-68.1,46.54,349.38,하락/역배열,하락추세,28.08,63.76
000100,75900,36.64,31.23,-36.66,-23.9,69.95,81.15,하락/역배열,하락추세,83.64,63.76
001720,141600,34.42,30.95,-25.75,-1.1,53.13,7.4,하락/역배열,골든크로스(0이하),20.76,63.69
012330,380000,27.67,40.21,-34.55,30.2,38.38,402.05,하락/역배열,골든크로스(0이하),48.52,63.58
023590,38300,34.21,36.32,-44.61,-6.5,73.76,9.67,하락/역배열,하락추세,39.96,63.54
044380,436,17.89,58.87,-66.9,158.8,0.0,0.0,하락/역배열,하락추세,17.95,63.32
091700,5250,38.46,33.01,-44.85,-13.8,31.08,1.56,하락/역배열,골든크로스(0이하),45.78,63.25
207940,1354000,35.97,46.77,-89.73,7.2,108.69,698.07,하락/역배열,하락추세,35.08,63.23
045390,3035,34.07,48.63,-87.59,36.5,46.12,8.19,하락/역배열,하락추세,26.3,63.07
064550,8760,34.29,38.93,-49.54,5.8,68.66,7.56,하락/역배열,하락추세,61.67,63.06
035720,33500,39.58,40.27,-66.85,-270.9,54.77,161.9,하락/역배열,골든크로스(0이하),34.77,62.29
017800,73100,42.11,44.05,-91.07,-13.8,54.31,28.44,하락/역배열,하락추세,21.36,62.2
365550,3100,48.41,38.25,-92.79,-79.8,57.93,3.73,하락/역배열,골든크로스(0이하),18.96,62.18
003620,2615,41.05,24.15,-4.69,84.8,148.32,10.28,하락/역배열,골든크로스(0이하),35.03,61.99
069620,107700,39.9,37.6,-53.63,-3.2,42.65,6.89,하락/역배열,골든크로스(0이하),73.74,61.97
032830,282000,31.91,48.91,-64.82,-19.0,54.31,277.69,하락/역배열,하락추세,28.86,61.79
048550,1056,49.21,42.69,-106.89,-35.5,101.18,3.22,하락/역배열,골든크로스(0이하),25.03,61.61
047040,17760,37.15,44.32,-63.82,163.2,47.53,424.59,하락/역배열,하락추세,41.62,61.49
051490,2580,37.04,42.03,-54.01,0.7,39.53,0.17,하락/역배열,하락추세,25.06,61.48
139480,71900,40.82,42.16,-68.4,-13.9,32.06,14.03,하락/역배열,골든크로스(0이하),39.75,61.38
025880,2330,46.34,25.02,-20.51,1.0,106.57,0.45,하락/역배열,골든크로스(0이하),80.74,61.25
003850,8500,28.33,46.57,-30.3,6.2,62.51,1.76,하락/역배열,하락추세,16.55,60.89
033250,4200,45.42,43.13,-83.2,6.4,130.91,1.7,하락/역배열,하락추세,13.36,60.75
036460,35900,39.0,28.29,6.8,15.4,18.09,7.66,상승전환,하락추세,19.07,60.34
044480,3060,30.2,67.14,-111.51,-2.3,24.23,0.1,하락/역배열,하락추세,91.13,60.18
253450,20700,41.76,35.51,-31.11,-2.4,83.13,5.76,하락/역배열,하락추세,24.29,60.17
298000,53200,37.35,44.83,-45.79,2.3,59.56,3.91,하락/역배열,골든크로스(0이하),30.06,59.75
005440,12700,40.31,42.42,-46.36,31.8,51.0,23.32,하락/역배열,하락추세,19.46,59.62
204320,47550,36.42,40.49,-22.47,24.8,118.55,94.66,하락/역배열,골든크로스(0이하),38.76,59.57
336260,45850,41.5,47.46,-67.22,-42.0,36.43,95.61,하락/역배열,하락추세,49.03,59.28
032640,14540,42.22,42.81,-50.32,59.1,26.81,21.24,하락/역배열,하락추세,51.08,59.18
185750,65400,40.0,39.06,-21.31,-2.4,26.47,2.54,하락/역배열,골든크로스(0이하),25.6,58.76
013120,2095,40.0,38.67,-16.74,6.5,61.64,0.96,하락/역배열,골든크로스(0이하),37.29,58.5
006800,32200,41.38,36.54,-12.08,-74.6,94.1,220.18,하락/역배열,골든크로스(0이하),65.65,58.37
011170,61300,35.42,50.34,-43.3,20.5,36.79,21.65,하락/역배열,하락추세,14.13,58.35
083790,932,45.95,45.22,-63.94,-9.2,39.64,0.37,하락/역배열,하락추세,19.48,58.27
160550,999,45.23,51.68,-82.67,-17.3,25.62,0.14,하락/역배열,하락추세,30.3,57.92
214150,31000,40.0,40.63,-14.01,5.9,69.67,28.18,하락/역배열,골든크로스(0이하),32.12,57.62
161390,60000,42.48,38.9,-13.65,-55.9,37.18,42.63,하락/역배열,골든크로스(0이하),57.27,57.34
041440,6590,43.21,55.09,-76.82,-9.3,106.07,3.39,하락/역배열,하락추세,42.37,56.97
192080,56900,43.18,45.43,-35.32,-2.1,42.66,7.76,하락/역배열,골든크로스(0이하),15.62,56.74
000220,3770,40.66,49.81,-41.37,-2.4,53.63,0.77,하락/역배열,하락추세,47.3,56.62
017670,88000,40.14,45.95,-21.74,-24.0,35.83,151.79,하락/역배열,하락추세,41.46,56.45
012450,1021000,42.72,45.85,-24.62,-6.2,77.54,708.36,하락/역배열,하락추세,53.68,55.86
046120,5370,36.0,52.64,-24.47,56.7,52.5,12.4,하락/역배열,하락추세,27.26,55.82
298040,2785000,44.86,50.59,-49.96,1.0,59.59,459.94,하락/역배열,하락추세,25.53,55.68
018260,218500,45.12,51.15,-52.04,-3.8,36.0,78.05,하락/역배열,하락추세,52.2,55.58
051780,2465,44.26,44.64,-21.12,1.3,47.45,0.71,하락/역배열,하락추세,29.95,55.46
049430,21950,42.57,62.58,-83.15,-2.4,42.48,2.33,하락/역배열,하락추세,17.32,55.21
086280,200000,37.24,55.1,-31.48,-7.4,31.79,60.97,하락/역배열,하락추세,13.68,55.18
060250,13680,39.59,48.68,-14.89,3.8,64.97,11.48,하락/역배열,하락추세,52.15,55.15
290670,5620,41.57,47.5,-17.24,2.1,85.52,0.42,하락/역배열,하락추세,68.47,55.08
052020,7650,47.14,37.0,3.89,-27.1,42.16,4.63,하락/역배열,골든크로스(0이하),28.84,54.96
004800,158500,47.59,48.62,-37.94,0.4,35.71,4.58,하락/역배열,하락추세,34.62,54.43
009420,47700,43.41,51.24,-30.42,20.8,58.27,66.32,하락/역배열,골든크로스(0이하),24.54,54.32
003240,907000,49.52,44.33,-27.12,0.0,69.78,7.25,상승전환,하락추세,17.18,54.31
196170,259500,40.0,53.07,-14.3,70.6,48.56,327.99,하락/역배열,골든크로스(0이하),34.34,53.5
040910,4215,37.17,54.15,-6.43,3.6,57.03,0.26,하락/역배열,골든크로스(0이하),39.87,53.43
002350,5770,48.42,33.41,33.23,6.0,42.67,1.86,하락/역배열,골든크로스(0이하),59.79,53.29
002380,477000,43.51,49.81,-11.94,-3.2,39.22,21.86,하락/역배열,하락추세,40.84,53.22
035760,34450,48.08,56.04,-52.37,-20.8,35.01,7.77,하락/역배열,하락추세,24.18,52.99
034220,8570,35.65,60.21,-17.75,-515.5,52.92,100.36,하락/역배열,골든크로스(0이하),15.44,52.86
007570,8040,48.76,42.36,4.63,1.6,43.94,0.41,하락/역배열,골든크로스(0이하),44.95,52.57
005385,179300,45.85,48.07,-5.38,-0.5,77.4,54.35,하락/역배열,골든크로스(0이하),63.34,52.48
038500,6840,42.86,50.49,-3.01,33.3,77.15,14.2,하락/역배열,골든크로스(0이하),30.69,52.47
141080,83500,45.73,49.13,-8.17,19.3,65.43,104.2,하락/역배열,골든크로스(0이하),66.15,52.39
051910,272000,49.31,39.91,14.88,31.5,47.77,200.42,상승전환,골든크로스(0이하),64.91,52.35
001040,129200,51.54,55.63,-49.95,-10.3,49.79,47.34,하락/역배열,골든크로스(0이하),24.4,51.77
192820,270000,53.16,52.56,-42.75,-12.6,159.31,344.85,하락/역배열,하락추세,18.57,51.66
213420,30600,47.9,45.43,9.79,-0.0,45.3,13.16,하락/역배열,골든크로스(0이하),35.39,51.41
003550,115000,54.75,40.83,2.32,-39.2,39.19,63.97,정배열,하락추세,30.65,51.28
001230,2055,47.78,60.52,-46.17,-46.3,53.58,3.68,하락/역배열,하락추세,50.93,51.08
095700,2815,48.86,56.38,-33.24,3.9,52.83,1.25,하락/역배열,하락추세,39.49,51.02
003520,1035,44.9,63.04,-43.88,-50.1,59.75,1.3,하락/역배열,골든크로스(0이하),64.4,51.01
181710,56700,51.05,52.12,-23.79,27.6,28.99,20.54,하락/역배열,하락추세,9.91,50.93
200130,8050,51.95,41.65,20.47,12.8,30.73,0.78,하락/역배열,골든크로스(0이하),33.25,50.43
033530,6820,51.22,40.88,33.68,3.2,101.1,1.72,상승전환,하락추세,45.74,49.83
050960,8730,46.62,49.31,19.23,-0.1,156.49,0.43,상승전환,하락추세,38.72,49.75
302440,36950,47.79,41.33,48.43,4.2,58.95,10.22,상승전환,골든크로스(0이하),25.6,49.59
053030,6550,49.48,40.03,47.32,1.1,70.95,2.28,하락/역배열,골든크로스(0이하),45.01,49.55
034730,586000,50.3,50.75,4.32,16.4,68.93,410.52,정배열,상승(0이상),13.86,49.29
052420,9650,51.77,66.83,-53.8,1.3,51.19,0.7,하락/역배열,하락추세,43.06,48.28
052220,1644,36.91,87.96,-75.69,-5.8,57.77,0.25,하락/역배열,하락추세,89.15,48.02
023160,27250,44.56,59.69,8.91,25.3,48.77,21.78,상승전환,하락추세,23.08,47.84
021240,99500,57.39,48.54,4.05,-41.7,59.33,74.56,하락/역배열,하락추세,14.14,47.69
139130,18580,51.75,27.86,111.11,-53.7,30.09,19.69,상승전환,하락추세,22.73,47.54
007390,24800,47.17,53.69,26.95,-28.6,46.97,21.7,하락/역배열,하락추세,18.1,47.47
103140,77700,50.6,53.88,13.17,1.6,90.76,41.24,하락/역배열,하락추세,58.57,47.41
000670,41350,55.78,64.51,-39.11,-15.5,45.12,7.07,하락/역배열,하락추세,82.0,46.5
000660,1789000,48.09,58.92,14.74,332.5,53.53,22428.62,하락/역배열,상승(0이상),19.66,46.43
138930,16000,51.28,53.35,31.22,-163.1,35.07,34.76,하락/역배열,상승(0이상),8.34,45.85
009450,61100,53.01,42.99,77.71,1.6,60.27,8.54,하락/역배열,골든크로스(0이하),33.9,44.86
138040,130500,52.7,56.05,27.55,-4.4,44.9,66.83,정배열,하락추세,15.56,44.79
294630,3125,50.3,53.69,49.13,11.3,103.94,3.77,상승전환,하락추세,53.7,44.58
278280,39450,56.77,39.76,79.18,6.6,72.79,6.4,상승전환,골든크로스(0이하),22.33,44.56
005250,9750,47.71,47.95,84.22,-2.0,92.83,3.22,하락/역배열,골든크로스(0이하),46.51,44.43
016100,1269,54.35,45.5,68.37,-15.9,1.2,0.01,상승전환,하락추세,71.61,44.35
005935,198400,52.86,63.83,1.55,-1019.9,47.63,2983.69,하락/역배열,하락추세,21.03,44.31
068760,39750,52.15,63.39,8.83,-13.5,53.53,20.37,하락/역배열,골든크로스(0이하),43.83,44.08
046390,2095,56.29,53.66,41.31,1.2,9.95,0.03,상승전환,하락추세,17.44,43.24
050760,1222,55.9,51.44,52.15,6.1,147.54,0.61,상승전환,하락추세,61.61,43.21
050120,3290,55.08,35.48,123.23,0.5,52.18,0.03,정배열,상승(0이상),27.47,42.88
032860,2930,50.81,39.19,131.1,1.8,109.96,0.2,하락/역배열,골든크로스(0이하),49.95,42.41
307950,389500,49.75,55.75,69.86,4.0,58.24,81.24,하락/역배열,골든크로스(0이하),44.44,42.34
048530,2850,58.29,62.66,14.5,-4.2,93.79,1.09,상승전환,하락추세,23.93,41.81
003490,30350,58.75,57.14,36.48,-373.2,46.53,255.04,정배열,하락추세,23.9,41.66
002240,16950,44.53,78.14,10.5,17.1,62.17,5.95,하락/역배열,골든크로스(0이하),36.77,41.57
053260,7280,43.79,82.29,-2.45,571.9,25.12,51.5,하락/역배열,하락추세,40.04,41.51
053580,7180,55.28,42.77,113.17,1.5,58.35,0.45,상승전환,상승(0이상),44.12,41.22
005850,52200,50.0,44.8,126.76,0.3,36.66,10.94,하락/역배열,골든크로스(0이하),30.74,41.17
047810,128700,47.61,64.04,60.16,-8.4,84.07,191.6,하락/역배열,골든크로스(0이하),49.64,41.1
361610,17580,54.34,52.99,81.19,-32.2,71.35,48.85,상승전환,상승(0이상),27.33,40.79
049720,9110,56.25,58.77,53.22,1.2,95.0,1.06,하락/역배열,골든크로스(0이하),16.05,40.56
012750,84400,61.72,45.63,89.22,2.9,38.9,15.57,정배열,하락추세,40.95,40.12
096770,152800,54.65,53.62,90.4,-59.7,50.79,627.04,정배열,상승(0이상),18.52,39.71
402340,1160000,52.51,59.26,77.8,99.0,71.64,4041.89,하락/역배열,상승(0이상),32.86,39.6
006400,567000,57.43,45.75,114.61,67.3,127.06,2013.47,상승전환,하락추세,14.99,39.39
005930,272000,57.49,59.31,60.8,722.9,47.1,16315.19,상승전환,상승(0이상),25.75,39.33
102940,14530,52.37,65.4,61.38,7.5,65.39,5.21,하락/역배열,골든크로스(0이하),32.74,38.96
045520,3265,64.02,57.79,46.62,0.8,28.64,0.09,상승전환,하락추세,39.92,38.85
069500,110870,53.04,66.2,59.93,3858.8,64.47,15388.0,상승전환,상승(0이상),33.97,38.59
016360,88700,54.25,59.41,82.54,-30.5,50.07,99.25,하락/역배열,골든크로스(0이하),28.95,38.57
003000,4130,60.26,47.51,108.56,34.5,90.67,7.24,하락/역배열,골든크로스(0이하),52.7,38.36
028670,6020,49.72,60.49,99.93,767.8,61.22,112.52,정배열,상승(0이상),16.18,38.27
112040,15740,50.75,63.51,87.68,-7.7,36.06,6.11,하락/역배열,골든크로스(0이하),34.38,37.94
001060,27500,59.0,64.39,53.3,2.5,85.6,5.83,상승전환,하락추세,26.47,37.76
052400,37250,60.0,74.67,9.33,-6.8,61.68,7.9,하락/역배열,골든크로스(0이하),21.49,37.67
092040,996,57.71,60.76,78.51,-21.8,47.74,0.83,하락/역배열,골든크로스(0이하),32.88,37.3
040420,5830,58.33,63.89,64.63,-1.1,76.45,0.28,상승전환,상승(0이상),13.44,37.21
049080,9800,64.47,64.29,39.43,53.4,57.42,12.43,상승전환,하락추세,29.79,37.13
046310,2340,60.87,52.46,101.24,4.5,93.41,0.38,상승전환,상승(0이상),28.83,37.12
134380,10350,62.99,59.13,68.82,0.8,16.38,0.04,하락/역배열,골든크로스(0이하),67.01,36.89
215600,2355,65.06,57.38,69.69,40.5,59.14,7.85,상승전환,골든크로스(0이하),71.96,36.71
042520,22050,61.22,49.87,115.98,35.3,27.24,8.45,하락/역배열,상승(0이상),25.66,36.64
009240,40100,56.76,59.53,97.47,-4.0,51.11,4.39,정배열,상승(0이상),10.48,36.45
068270,182800,60.45,60.3,80.98,22.5,56.4,323.64,하락/역배열,골든크로스(0이하),13.82,36.33
000150,1476000,58.26,60.99,89.93,-11.9,105.92,1330.63,상승전환,하락추세,23.84,36.09
128940,500000,63.95,65.41,51.87,-7.5,48.97,153.56,상승전환,하락추세,10.6,35.89
040610,3215,58.82,59.54,97.92,-1.6,18.71,0.09,상승전환,상승(0이상),20.11,35.72
187420,2160,61.89,45.84,142.88,-157.1,165.17,33.03,상승전환,상승(0이상),41.15,35.52
069730,5420,62.0,73.63,32.24,18.4,13.8,0.35,하락/역배열,골든크로스(0이하),37.37,35.44
043200,1230,68.12,58.6,75.09,-7.9,47.37,0.29,상승전환,상승(0이상),41.78,34.84
000640,93500,57.87,67.97,79.82,-0.4,39.7,3.44,정배열,하락추세,23.85,34.74
011200,21350,55.95,60.16,119.03,-9.9,48.57,67.84,정배열,상승(0이상),54.19,34.71
065150,1379,52.22,77.95,63.06,87.4,458.98,12.34,하락/역배열,골든크로스(0이하),34.04,34.69
079550,712000,54.91,64.54,109.06,12.0,81.86,382.31,하락/역배열,상승(0이상),41.9,34.43
052300,1570,57.61,80.02,40.79,60.1,18.87,0.44,상승전환,하락추세,59.52,34.06
043590,1617,61.98,72.46,56.34,-5.0,50.95,0.12,정배열,하락추세,9.68,33.83
003030,112100,55.51,57.63,141.66,3.5,19.29,7.05,상승전환,상승(0이상),35.52,33.82
036570,227500,60.89,54.68,131.84,10.7,109.47,390.09,하락/역배열,상승(0이상),49.43,33.82
065680,24700,58.62,77.73,54.0,-1.7,32.83,0.86,하락/역배열,상승(0이상),34.44,33.38
002960,519000,69.05,57.57,95.49,-0.2,34.89,0.79,정배열,상승(0이상),50.57,33.17
049830,6410,55.0,59.6,145.38,0.1,88.53,0.03,하락/역배열,상승(0이상),41.72,33.02
048410,7060,59.89,67.11,98.53,346.9,68.85,45.36,상승전환,상승(0이상),7.59,32.79
120110,59200,55.0,47.13,198.74,16.8,114.47,77.56,상승전환,상승(0이상),23.44,32.73
049470,2640,58.1,84.04,40.92,-13.6,50.76,1.13,상승전환,하락추세,63.38,32.54
010120,213500,59.26,58.06,140.75,107.5,85.9,484.35,상승전환,상승(0이상),57.38,32.5
131290,297000,62.9,68.92,86.35,6.3,43.02,107.43,정배열,상승(0이상),13.16,32.2
014820,22000,58.82,58.5,145.01,2.5,50.36,1.67,상승전환,상승(0이상),34.56,32.14
025900,7490,59.86,55.3,154.05,16.9,94.51,3.95,상승전환,상승(0이상),12.16,32.11
010060,242500,60.17,54.48,156.44,29.3,60.22,361.99,하락/역배열,골든크로스(0이하),47.13,32.08
388720,72900,62.07,53.38,155.64,2.5,85.31,12.43,상승전환,상승(0이상),55.53,31.88
036670,5110,57.58,54.93,175.98,0.0,63.97,0.16,하락/역배열,골든크로스(0이하),47.63,31.17
458870,26350,60.35,71.96,101.7,20.6,47.53,24.27,하락/역배열,상승(0이상),35.91,30.75
001440,31525,57.83,66.33,136.19,765.3,83.4,580.18,상승전환,상승(0이상),41.25,30.6
010950,165600,61.34,74.34,97.85,-19.9,72.34,397.65,정배열,상승(0이상),34.15,29.95
024880,3895,54.1,64.67,166.91,-0.0,115.92,2.64,상승전환,상승(0이상),30.72,29.83
069080,11810,65.43,55.04,161.71,31.4,50.07,5.99,정배열,상승(0이상),31.47,29.7
011070,629000,65.47,47.78,191.2,24.9,112.81,1615.59,하락/역배열,상승(0이상),26.04,29.65
001740,6560,57.52,65.89,155.05,340.8,51.71,23.13,하락/역배열,골든크로스(0이하),32.25,29.28
033780,176700,60.0,74.02,115.78,-7.0,45.65,152.38,하락/역배열,상승(0이상),21.19,29.01
052860,7660,59.64,71.91,131.07,8.3,30.95,1.72,정배열,상승(0이상),39.55,28.56
272210,80500,60.71,60.73,177.92,128.9,111.39,639.31,상승전환,상승(0이상),43.7,28.03
033320,3190,63.81,47.53,219.69,11.1,97.42,1.62,상승전환,상승(0이상),20.77,27.91
039200,38450,64.14,63.12,157.68,25.2,67.09,28.53,상승전환,상승(0이상),16.41,27.77
088800,2440,65.17,74.39,110.59,439.7,77.48,17.61,상승전환,상승(0이상),62.87,27.6
319660,151400,65.78,72.4,117.99,-25.7,61.71,287.06,하락/역배열,상승(0이상),22.38,27.44
001120,43200,59.2,70.92,155.51,7.0,21.97,10.67,상승전환,상승(0이상),21.14,27.0
041190,6190,62.55,80.31,104.72,661.3,69.58,120.2,상승전환,상승(0이상),70.39,26.99
005940,26800,56.41,75.01,150.47,53.8,30.23,28.45,하락/역배열,골든크로스(0이하),21.63,26.99
000240,25150,59.7,75.2,138.82,3.4,27.52,2.4,정배열,상승(0이상),24.9,26.8
042700,272000,59.6,62.65,190.59,218.0,114.61,1792.67,상승전환,상승(0이상),13.51,26.7
039030,539000,67.41,62.92,162.66,27.3,40.76,215.24,상승전환,상승(0이상),10.6,26.33
071090,3570,57.72,91.03,91.67,630.1,25.66,28.54,상승전환,상승(0이상),75.34,26.11
003670,196000,56.9,62.24,211.21,48.6,90.36,397.77,상승전환,하락추세,17.02,26.02
293490,10110,61.28,67.69,175.34,48.2,61.64,26.29,상승전환,상승(0이상),21.41,25.73
383220,70700,73.6,70.6,116.56,8.0,60.28,12.58,하락/역배열,상승(0이상),16.5,25.55
256150,5010,80.85,69.89,101.87,-0.4,28.89,0.04,상승전환,상승(0이상),26.05,24.6
024840,6350,71.13,86.44,75.37,426.6,58.51,54.45,정배열,상승(0이상),64.94,24.53
053350,4730,75.86,73.92,107.69,2.1,131.71,2.61,정배열,상승(0이상),13.75,24.43
000990,137300,75.61,80.96,92.41,40.9,55.22,409.45,상승전환,상승(0이상),11.86,23.44
052460,6330,72.9,80.34,106.48,30.0,50.46,4.34,정배열,상승(0이상),9.81,23.38
032580,7530,78.36,79.45,98.51,160.1,38.0,31.45,정배열,상승(0이상),23.07,22.52
045510,1199,61.92,85.77,139.68,59.5,15.51,0.32,정배열,상승(0이상),22.13,22.46
052260,5030,68.82,88.53,101.09,59.5,8.0,25.12,상승전환,상승(0이상),36.24,22.46
046890,10920,68.99,80.47,135.3,38.8,47.92,14.86,상승전환,상승(0이상),52.45,22.24
041960,10370,67.52,72.61,173.18,27.7,131.48,19.88,정배열,상승(0이상),32.45,22.19
001430,47050,70.14,79.73,138.11,22.4,58.35,31.23,상승전환,상승(0이상),26.39,21.87
024900,2210,75.73,84.16,98.11,-19.9,59.28,1.84,상승전환,상승(0이상),37.11,21.86
001820,161400,69.23,87.95,109.55,184.8,57.01,897.79,정배열,상승(0이상),14.38,21.81
235980,3050,65.15,71.16,198.29,14.2,99.58,2.26,상승전환,상승(0이상),45.36,21.37
393890,11050,62.94,61.54,245.93,62.8,73.51,16.34,상승전환,상승(0이상),24.32,21.35
071320,79100,71.57,90.13,99.71,-0.8,47.94,4.2,상승전환,상승(0이상),12.69,21.12
084010,9230,55.73,88.62,172.52,284.7,33.92,21.43,상승전환,상승(0이상),37.47,20.84
339770,3900,68.75,61.96,229.02,10.7,119.89,1.36,상승전환,상승(0이상),21.44,20.68
093370,16130,72.52,76.52,158.88,2267.6,53.05,492.65,상승전환,상승(0이상),44.75,20.41
450080,39450,61.54,67.27,244.2,114.8,91.81,141.64,상승전환,상승(0이상),18.73,20.05
049480,2060,66.03,76.99,189.81,58.2,240.15,8.99,상승전환,상승(0이상),45.39,19.84
084370,182300,75.25,77.85,150.1,47.4,40.75,124.51,상승전환,상승(0이상),22.93,19.79
045100,34350,70.18,81.77,154.97,14.5,37.07,15.33,상승전환,상승(0이상),50.85,19.77
051370,7440,75.98,82.8,129.63,5.6,104.73,15.52,상승전환,상승(0이상),34.65,19.6
032500,20550,80.43,83.27,110.4,36.1,61.29,27.87,상승전환,상승(0이상),42.9,19.57
373220,385500,62.94,65.04,259.89,51.4,98.34,780.48,상승전환,상승(0이상),16.11,19.01
051160,13450,71.94,89.94,126.74,-6.0,92.16,19.14,정배열,상승(0이상),22.81,18.81
047310,3320,76.61,69.38,195.27,34.4,122.47,3.86,상승전환,상승(0이상),24.64,18.39
053450,3330,69.93,79.77,180.96,15.6,28.72,0.34,하락/역배열,상승(0이상),34.44,18.35
178320,42100,68.84,75.97,211.94,808.2,38.7,263.35,하락/역배열,상승(0이상),36.49,17.4
053300,5590,65.13,80.78,208.1,110.6,302.78,45.85,상승전환,상승(0이상),51.23,17.35
417970,11370,68.53,60.88,275.28,2.9,65.57,0.81,하락/역배열,상승(0이상),42.87,17.26
028300,47400,77.84,73.86,191.9,1172.5,151.37,2223.27,하락/역배열,상승(0이상),25.56,16.78
042000,23300,84.57,63.15,209.94,-60.4,100.27,138.19,상승전환,상승(0이상),21.31,16.6
005290,51700,77.81,84.01,157.85,173.9,41.55,152.58,상승전환,상승(0이상),16.4,16.24
247540,126800,66.08,69.63,263.51,113.7,122.74,595.02,하락/역배열,상승(0이상),12.32,16.14
009150,1671000,73.16,82.47,184.51,168.1,86.08,7741.24,상승전환,상승(0이상),31.0,16.08
137310,6450,65.26,55.31,329.93,25.6,82.15,4.83,하락/역배열,상승(0이상),36.64,15.65
043260,31950,82.28,88.86,131.69,2045.8,54.59,899.93,상승전환,상승(0이상),40.49,15.31
086520,94200,65.81,59.37,315.72,245.3,99.13,723.33,하락/역배열,상승(0이상),22.83,15.3
044990,12030,73.25,63.31,273.5,3.0,94.05,1.19,하락/역배열,상승(0이상),34.15,15.02
030530,30850,80.36,86.15,160.33,276.7,116.39,442.9,상승전환,상승(0이상),22.79,14.47
030520,18420,62.88,71.92,294.47,47.7,284.28,73.11,하락/역배열,상승(0이상),36.72,13.86
047560,8420,64.68,69.27,299.06,15.0,262.05,8.17,하락/역배열,상승(0이상),17.09,13.76
041020,3260,74.49,76.34,234.97,30.4,65.42,3.38,상승전환,상승(0이상),21.3,13.48
049950,11480,73.74,76.43,242.3,9.3,64.14,1.84,상승전환,상승(0이상),28.16,13.08
131970,119200,77.92,79.98,213.49,162.8,108.04,419.23,상승전환,상승(0이상),33.14,12.91
009830,36850,76.21,88.7,189.57,1364.6,60.87,1078.91,하락/역배열,상승(0이상),34.42,12.57
036540,11700,93.63,91.97,110.31,2948.1,93.09,819.74,상승전환,상승(0이상),25.29,12.27
053610,86000,88.22,90.99,136.06,14.3,51.87,20.75,상승전환,상승(0이상),25.97,12.26
096530,37150,85.0,90.07,153.31,72.5,31.08,35.5,정배열,상승(0이상),20.93,12.2
089030,57400,73.36,91.8,197.26,254.3,53.91,275.44,상승전환,상승(0이상),31.5,11.84
036810,35950,83.33,92.5,159.82,80.4,53.01,37.7,상승전환,상승(0이상),20.65,11.4
036200,10990,76.47,94.09,182.89,168.9,29.3,14.83,상승전환,상승(0이상),22.39,11.24
067310,52700,94.2,88.89,133.01,944.6,81.32,809.66,상승전환,상승(0이상),23.33,11.22
033640,33200,89.71,91.17,144.59,64.6,81.93,87.05,상승전환,상승(0이상),13.36,10.99
036930,274500,79.53,75.46,252.21,515.3,156.44,6768.32,정배열,상승(0이상),16.65,10.65
036830,49100,71.25,79.6,271.4,50.5,74.15,36.79,상승전환,상승(0이상),24.05,10.43
357780,427500,83.05,96.17,158.58,20.1,29.05,64.9,상승전환,상승(0이상),19.42,10.38
265520,20600,68.33,74.48,307.68,5.8,98.83,12.06,하락/역배열,상승(0이상),45.76,10.09
065350,33550,68.32,75.03,314.78,13.3,74.59,22.6,상승전환,상승(0이상),22.71,9.32
121600,64000,84.11,83.57,227.65,28.3,156.29,84.2,상승전환,상승(0이상),15.96,8.47
014680,277000,92.31,94.55,152.61,20.9,32.78,62.94,상승전환,상승(0이상),33.42,8.33
058470,86400,81.25,89.43,224.72,467.8,58.2,578.09,상승전환,상승(0이상),24.59,7.71
020150,53500,70.93,76.98,318.23,178.1,84.3,204.92,상승전환,상승(0이상),31.15,7.51
011790,110800,86.05,84.46,233.18,197.3,67.87,296.68,상승전환,상승(0이상),19.53,7.06
060720,11630,85.71,74.6,288.69,29.2,41.82,3.97,상승전환,상승(0이상),22.88,5.84
053800,87500,93.52,94.2,183.97,38.0,269.97,313.93,상승전환,상승(0이상),37.6,5.43
098460,35900,87.33,87.95,246.38,928.1,79.17,527.54,상승전환,상승(0이상),29.95,4.37
078600,111600,80.37,82.91,299.75,99.1,86.39,238.95,상승전환,상승(0이상),24.04,3.93
222080,8740,78.18,82.21,346.68,270.1,111.05,67.15,상승전환,상승(0이상),48.74,0.98
000250,237500,88.32,84.86,339.28,118.3,96.63,542.99,하락/역배열,상승(0이상),29.46,-2.67
